,prediction
0,Access Control
1,Web Attack
2,Web Attack
3,Web Attack
4,Web Attack
5,Web Attack
6,Web Attack
7,Web Attack
8,Access Control
9,Access Control
10,Access Control
11,Web Attack
12,Web Attack
13,Web Attack
14,Access Control
15,Web Attack
16,Web Attack
17,Web Attack
18,Access Control
19,Web Attack
20,Web Attack
21,Access Control
22,Access Control
23,Web Attack
24,Web Attack
25,Access Control
26,Web Attack
27,Access Control
28,Web Attack
29,Web Attack
30,Web Attack
31,Access Control
32,Web Attack
33,Web Attack
34,Access Control
35,Web Attack
36,Web Attack
37,Web Attack
38,Web Attack
39,Access Control
40,Web Attack
41,Access Control
42,Access Control
43,Web Attack
44,Web Attack
45,Web Attack
46,Access Control
47,Web Attack
48,Access Control
49,Web Attack
50,Access Control
51,Access Control
52,Web Attack
53,Web Attack
54,Web Attack
55,Access Control
56,Access Control
57,Web Attack
58,Access Control
59,Access Control
60,Access Control
61,Web Attack
62,Access Control
63,Web Attack
64,Web Attack
65,Access Control
66,Access Control
67,Access Control
68,Access Control
69,Web Attack
70,Web Attack
71,Access Control
72,Web Attack
73,Web Attack
74,Web Attack
75,Web Attack
76,Web Attack
77,Web Attack
78,Access Control
79,Web Attack
80,Access Control
81,Web Attack
82,Web Attack
83,Access Control
84,Web Attack
85,Access Control
86,Access Control
87,Access Control
88,Web Attack
89,Web Attack
90,Web Attack
91,Access Control
92,Access Control
93,Web Attack
94,Access Control
95,Access Control
96,Web Attack
97,Web Attack
98,Web Attack
99,Access Control
100,Access Control
101,Access Control
102,Access Control
103,Access Control
104,Web Attack
105,Access Control
106,Access Control
107,Access Control
108,Web Attack
109,Web Attack
110,Web Attack
111,Access Control
112,Web Attack
113,Web Attack
114,Access Control
115,Web Attack
116,Access Control
117,Access Control
118,Access Control
119,Web Attack
120,Access Control
121,Access Control
122,Access Control
123,Access Control
124,Access Control
125,Access Control
126,Access Control
127,Web Attack
128,Access Control
129,Access Control
130,Web Attack
131,Access Control
132,Access Control
133,Access Control
134,Access Control
135,Access Control
136,Access Control
137,Access Control
138,Web Attack
139,Web Attack
140,Web Attack
141,Access Control
142,Web Attack
143,Access Control
144,Access Control
145,Web Attack
146,Access Control
147,Web Attack
148,Web Attack
149,Web Attack
150,Access Control
151,Access Control
152,Access Control
153,Access Control
154,Web Attack
155,Web Attack
156,Access Control
157,Web Attack
158,Web Attack
159,Web Attack
160,Web Attack
161,Web Attack
162,Web Attack
163,Access Control
164,Access Control
165,Web Attack
166,Web Attack
167,Access Control
168,Web Attack
169,Web Attack
170,Access Control
171,Web Attack
172,Web Attack
173,Web Attack
174,Web Attack
175,Access Control
176,Access Control
177,Web Attack
178,Web Attack
179,Web Attack
180,Access Control
181,Web Attack
182,Web Attack
183,Access Control
184,Web Attack
185,Access Control
186,Access Control
187,Web Attack
188,Web Attack
189,Web Attack
190,Web Attack
191,Web Attack
192,Access Control
193,Web Attack
194,Web Attack
195,Web Attack
196,Web Attack
197,Access Control
198,Access Control
199,Web Attack
200,Access Control
201,Web Attack
202,Access Control
203,Web Attack
204,Access Control
205,Web Attack
206,Access Control
207,Access Control
208,Access Control
209,Access Control
210,Web Attack
211,Web Attack
212,Web Attack
213,Access Control
214,Web Attack
215,Web Attack
216,Web Attack
217,Web Attack
218,Access Control
219,Access Control
220,Web Attack
221,Access Control
222,Access Control
223,Web Attack
224,Access Control
225,Web Attack
226,Access Control
227,Web Attack
228,Access Control
229,Web Attack
230,Access Control
231,Web Attack
232,Web Attack
233,Web Attack
234,Web Attack
235,Web Attack
236,Access Control
237,Web Attack
238,Access Control
239,Web Attack
240,Access Control
241,Access Control
242,Web Attack
243,Web Attack
244,Web Attack
245,Access Control
246,Web Attack
247,Access Control
248,Access Control
249,Web Attack
250,Access Control
251,Access Control
252,Web Attack
253,Access Control
254,Access Control
255,Web Attack
256,Access Control
257,Web Attack
258,Web Attack
259,Access Control
260,Web Attack
261,Access Control
262,Web Attack
263,Access Control
264,Access Control
265,Access Control
266,Access Control
267,Web Attack
268,Access Control
269,Access Control
270,Access Control
271,Access Control
272,Web Attack
273,Access Control
274,Web Attack
275,Access Control
276,Access Control
277,Web Attack
278,Web Attack
279,Web Attack
280,Web Attack
281,Access Control
282,Web Attack
283,Access Control
284,Access Control
285,Access Control
286,Access Control
287,Access Control
288,Web Attack
289,Web Attack
290,Web Attack
291,Web Attack
292,Web Attack
293,Web Attack
294,Access Control
295,Access Control
296,Web Attack
297,Web Attack
298,Web Attack
299,Web Attack
300,Access Control
301,Web Attack
302,Access Control
303,Web Attack
304,Access Control
305,Web Attack
306,Access Control
307,Access Control
308,Web Attack
309,Access Control
310,Web Attack
311,Web Attack
312,Web Attack
313,Access Control
314,Access Control
315,Access Control
316,Web Attack
317,Web Attack
318,Web Attack
319,Web Attack
320,Access Control
321,Web Attack
322,Access Control
323,Access Control
324,Access Control
325,Web Attack
326,Access Control
327,Access Control
328,Access Control
329,Access Control
330,Access Control
331,Access Control
332,Web Attack
333,Web Attack
334,Web Attack
335,Web Attack
336,Web Attack
337,Access Control
338,Web Attack
339,Access Control
340,Access Control
341,Web Attack
342,Access Control
343,Web Attack
344,Web Attack
345,Web Attack
346,Web Attack
347,Web Attack
348,Access Control
349,Web Attack
350,Web Attack
351,Access Control
352,Access Control
353,Access Control
354,Access Control
355,Access Control
356,Access Control
357,Access Control
358,Access Control
359,Access Control
360,Web Attack
361,Access Control
362,Web Attack
363,Access Control
364,Web Attack
365,Web Attack
366,Access Control
367,Web Attack
368,Web Attack
369,Web Attack
370,Access Control
371,Web Attack
372,Access Control
373,Web Attack
374,Web Attack
375,Access Control
376,Web Attack
377,Web Attack
378,Web Attack
379,Web Attack
380,Access Control
381,Access Control
382,Web Attack
383,Web Attack
384,Web Attack
385,Web Attack
386,Access Control
387,Web Attack
388,Access Control
389,Access Control
390,Web Attack
391,Access Control
392,Access Control
393,Web Attack
394,Web Attack
395,Access Control
396,Web Attack
397,Web Attack
398,Access Control
399,Web Attack
400,Access Control
401,Web Attack
402,Access Control
403,Access Control
404,Access Control
405,Access Control
406,Access Control
407,Web Attack
408,Access Control
409,Access Control
410,Access Control
411,Access Control
412,Access Control
413,Access Control
414,Web Attack
415,Web Attack
416,Web Attack
417,Web Attack
418,Web Attack
419,Web Attack
420,Web Attack
421,Web Attack
422,Web Attack
423,Web Attack
424,Web Attack
425,Access Control
426,Web Attack
427,Web Attack
428,Web Attack
429,Access Control
430,Access Control
431,Access Control
432,Access Control
433,Web Attack
434,Access Control
435,Web Attack
436,Access Control
437,Access Control
438,Access Control
439,Access Control
440,Access Control
441,Web Attack
442,Access Control
443,Access Control
444,Web Attack
445,Access Control
446,Web Attack
447,Access Control
448,Web Attack
449,Web Attack
450,Access Control
451,Access Control
452,Access Control
453,Access Control
454,Access Control
455,Web Attack
456,Access Control
457,Web Attack
458,Access Control
459,Web Attack
460,Access Control
461,Access Control
462,Web Attack
463,Web Attack
464,Access Control
465,Web Attack
466,Access Control
467,Access Control
468,Web Attack
469,Access Control
470,Access Control
471,Access Control
472,Web Attack
473,Access Control
474,Web Attack
475,Access Control
476,Access Control
477,Web Attack
478,Web Attack
479,Web Attack
480,Access Control
481,Web Attack
482,Web Attack
483,Access Control
484,Access Control
485,Web Attack
486,Web Attack
487,Access Control
488,Web Attack
489,Web Attack
490,Access Control
491,Access Control
492,Web Attack
493,Web Attack
494,Access Control
495,Access Control
496,Web Attack
497,Web Attack
498,Web Attack
499,Web Attack
500,Access Control
501,Access Control
502,Web Attack
503,Web Attack
504,Web Attack
505,Access Control
506,Access Control
507,Access Control
508,Access Control
509,Access Control
510,Web Attack
511,Access Control
512,Web Attack
513,Web Attack
514,Web Attack
515,Access Control
516,Web Attack
517,Web Attack
518,Access Control
519,Access Control
520,Access Control
521,Access Control
522,Web Attack
523,Access Control
524,Web Attack
525,Web Attack
526,Access Control
527,Web Attack
528,Web Attack
529,Web Attack
530,Web Attack
531,Web Attack
532,Access Control
533,Web Attack
534,Access Control
535,Access Control
536,Web Attack
537,Access Control
538,Web Attack
539,Web Attack
540,Access Control
541,Web Attack
542,Web Attack
543,Access Control
544,Web Attack
545,Access Control
546,Access Control
547,Access Control
548,Web Attack
549,Access Control
550,Access Control
551,Access Control
552,Web Attack
553,Web Attack
554,Web Attack
555,Web Attack
556,Web Attack
557,Web Attack
558,Access Control
559,Web Attack
560,Web Attack
561,Web Attack
562,Access Control
563,Web Attack
564,Access Control
565,Web Attack
566,Web Attack
567,Access Control
568,Access Control
569,Web Attack
570,Access Control
571,Web Attack
572,Web Attack
573,Access Control
574,Web Attack
575,Access Control
576,Access Control
577,Access Control
578,Access Control
579,Access Control
580,Web Attack
581,Web Attack
582,Web Attack
583,Web Attack
584,Access Control
585,Access Control
586,Web Attack
587,Access Control
588,Access Control
589,Web Attack
590,Access Control
591,Access Control
592,Web Attack
593,Web Attack
594,Access Control
595,Access Control
596,Web Attack
597,Web Attack
598,Access Control
599,Web Attack
600,Web Attack
601,Web Attack
602,Web Attack
603,Web Attack
604,Web Attack
605,Access Control
606,Web Attack
607,Web Attack
608,Access Control
609,Access Control
610,Web Attack
611,Access Control
612,Access Control
613,Access Control
614,Web Attack
615,Access Control
616,Web Attack
617,Web Attack
618,Web Attack
619,Web Attack
620,Access Control
621,Web Attack
622,Access Control
623,Access Control
624,Web Attack
625,Web Attack
626,Access Control
627,Access Control
628,Web Attack
629,Access Control
630,Access Control
631,Access Control
632,Web Attack
633,Access Control
634,Web Attack
635,Web Attack
636,Web Attack
637,Web Attack
638,Access Control
639,Access Control
640,Access Control
641,Access Control
642,Web Attack
643,Web Attack
644,Access Control
645,Access Control
646,Web Attack
647,Web Attack
648,Access Control
649,Web Attack
650,Web Attack
651,Access Control
652,Access Control
653,Web Attack
654,Web Attack
655,Web Attack
656,Access Control
657,Access Control
658,Web Attack
659,Web Attack
660,Access Control
661,Web Attack
662,Web Attack
663,Web Attack
664,Web Attack
665,Web Attack
666,Access Control
667,Web Attack
668,Access Control
669,Access Control
670,Access Control
671,Web Attack
672,Web Attack
673,Web Attack
674,Access Control
675,Web Attack
676,Access Control
677,Web Attack
678,Access Control
679,Access Control
680,Access Control
681,Web Attack
682,Web Attack
683,Access Control
684,Access Control
685,Access Control
686,Web Attack
687,Web Attack
688,Web Attack
689,Web Attack
690,Web Attack
691,Web Attack
692,Web Attack
693,Web Attack
694,Access Control
695,Access Control
696,Access Control
697,Web Attack
698,Access Control
699,Web Attack
700,Access Control
701,Web Attack
702,Access Control
703,Access Control
704,Web Attack
705,Web Attack
706,Access Control
707,Access Control
708,Access Control
709,Access Control
710,Access Control
711,Access Control
712,Access Control
713,Web Attack
714,Access Control
715,Access Control
716,Web Attack
717,Access Control
718,Access Control
719,Access Control
720,Access Control
721,Web Attack
722,Access Control
723,Web Attack
724,Web Attack
725,Web Attack
726,Access Control
727,Web Attack
728,Web Attack
729,Web Attack
730,Web Attack
731,Web Attack
732,Access Control
733,Access Control
734,Access Control
735,Access Control
736,Access Control
737,Access Control
738,Access Control
739,Web Attack
740,Web Attack
741,Web Attack
742,Access Control
743,Web Attack
744,Access Control
745,Web Attack
746,Web Attack
747,Access Control
748,Access Control
749,Access Control
750,Access Control
751,Web Attack
752,Access Control
753,Access Control
754,Web Attack
755,Access Control
756,Access Control
757,Access Control
758,Access Control
759,Web Attack
760,Web Attack
761,Web Attack
762,Access Control
763,Access Control
764,Web Attack
765,Web Attack
766,Web Attack
767,Access Control
768,Access Control
769,Web Attack
770,Access Control
771,Web Attack
772,Access Control
773,Web Attack
774,Access Control
775,Access Control
776,Web Attack
777,Access Control
778,Web Attack
779,Access Control
780,Access Control
781,Access Control
782,Web Attack
783,Access Control
784,Access Control
785,Web Attack
786,Web Attack
787,Access Control
788,Access Control
789,Web Attack
790,Access Control
791,Web Attack
792,Access Control
793,Access Control
794,Access Control
795,Web Attack
796,Access Control
797,Web Attack
798,Access Control
799,Access Control
800,Access Control
801,Web Attack
802,Access Control
803,Web Attack
804,Access Control
805,Access Control
806,Access Control
807,Web Attack
808,Web Attack
809,Access Control
810,Access Control
811,Access Control
812,Access Control
813,Access Control
814,Access Control
815,Access Control
816,Access Control
817,Access Control
818,Web Attack
819,Web Attack
820,Web Attack
821,Access Control
822,Access Control
823,Web Attack
824,Access Control
825,Access Control
826,Access Control
827,Web Attack
828,Access Control
829,Web Attack
830,Access Control
831,Web Attack
832,Web Attack
833,Access Control
834,Web Attack
835,Web Attack
836,Web Attack
837,Web Attack
838,Access Control
839,Web Attack
840,Web Attack
841,Web Attack
842,Web Attack
843,Access Control
844,Access Control
845,Web Attack
846,Access Control
847,Web Attack
848,Access Control
849,Access Control
850,Access Control
851,Web Attack
852,Access Control
853,Web Attack
854,Access Control
855,Web Attack
856,Access Control
857,Web Attack
858,Web Attack
859,Access Control
860,Access Control
861,Web Attack
862,Access Control
863,Web Attack
864,Access Control
865,Web Attack
866,Web Attack
867,Access Control
868,Web Attack
869,Web Attack
870,Web Attack
871,Web Attack
872,Access Control
873,Access Control
874,Web Attack
875,Access Control
876,Access Control
877,Web Attack
878,Access Control
879,Web Attack
880,Web Attack
881,Access Control
882,Access Control
883,Access Control
884,Web Attack
885,Access Control
886,Access Control
887,Web Attack
888,Access Control
889,Access Control
890,Access Control
891,Access Control
892,Web Attack
893,Web Attack
894,Access Control
895,Web Attack
896,Web Attack
897,Web Attack
898,Access Control
899,Access Control
900,Access Control
901,Access Control
902,Web Attack
903,Web Attack
904,Access Control
905,Web Attack
906,Access Control
907,Access Control
908,Access Control
909,Web Attack
910,Web Attack
911,Access Control
912,Access Control
913,Web Attack
914,Web Attack
915,Web Attack
916,Access Control
917,Web Attack
918,Web Attack
919,Web Attack
920,Access Control
921,Web Attack
922,Access Control
923,Access Control
924,Web Attack
925,Access Control
926,Access Control
927,Web Attack
928,Access Control
929,Access Control
930,Access Control
931,Web Attack
932,Web Attack
933,Web Attack
934,Access Control
935,Access Control
936,Web Attack
937,Web Attack
938,Access Control
939,Access Control
940,Web Attack
941,Web Attack
942,Access Control
943,Web Attack
944,Web Attack
945,Web Attack
946,Access Control
947,Access Control
948,Access Control
949,Access Control
950,Access Control
951,Web Attack
952,Web Attack
953,Web Attack
954,Access Control
955,Web Attack
956,Access Control
957,Access Control
958,Web Attack
959,Access Control
960,Access Control
961,Access Control
962,Web Attack
963,Access Control
964,Access Control
965,Access Control
966,Web Attack
967,Web Attack
968,Access Control
969,Access Control
970,Web Attack
971,Access Control
972,Web Attack
973,Access Control
974,Web Attack
975,Web Attack
976,Access Control
977,Access Control
978,Web Attack
979,Web Attack
980,Web Attack
981,Access Control
982,Web Attack
983,Web Attack
984,Access Control
985,Access Control
986,Web Attack
987,Access Control
988,Web Attack
989,Web Attack
990,Access Control
991,Web Attack
992,Access Control
993,Web Attack
994,Access Control
995,Web Attack
996,Access Control
997,Access Control
998,Web Attack
999,Access Control
1000,Web Attack
1001,Access Control
1002,Access Control
1003,Access Control
1004,Web Attack
1005,Web Attack
1006,Access Control
1007,Access Control
1008,Web Attack
1009,Web Attack
1010,Access Control
1011,Access Control
1012,Web Attack
1013,Access Control
1014,Access Control
1015,Access Control
1016,Access Control
1017,Access Control
1018,Web Attack
1019,Web Attack
